{"cameraMode":{"drawMode":0,"name":"Shaded","section":"Shading Mode"},"sceneLighting":false,"audioPlay":false,"sceneViewState":{"showFog":true,"showMaterialUpdate":true,"showSkybox":true,"showFlares":true,"showImageEffects":true,"showParticleSystems":true},"in2DMode":false,"pivot":{"x":0.3423269987106323,"y":0.4880419671535492,"z":-7.675113677978516},"rotation":{"x":0.21961389482021333,"y":0.6843295693397522,"z":-0.22891117632389069,"w":0.6565656661987305},"size":1.4812824726104737,"orthographic":false}