{"cameraMode":{"drawMode":0,"name":"Shaded","section":"Shading Mode"},"sceneLighting":false,"audioPlay":false,"sceneViewState":{"showFog":true,"showMaterialUpdate":true,"showSkybox":true,"showFlares":true,"showImageEffects":true,"showParticleSystems":true},"in2DMode":false,"pivot":{"x":15.46126937866211,"y":7.763375282287598,"z":-2.673475503921509},"rotation":{"x":0.06170208007097244,"y":-0.8414639234542847,"z":0.09839119017124176,"w":0.5276862978935242},"size":2.9606306552886965,"orthographic":false}