{"cameraMode":{"drawMode":0,"name":"Shaded","section":"Shading Mode"},"sceneLighting":false,"audioPlay":false,"sceneViewState":{"showFog":true,"showMaterialUpdate":true,"showSkybox":true,"showFlares":true,"showImageEffects":true,"showParticleSystems":true},"in2DMode":false,"pivot":{"x":0.8725204467773438,"y":2.015000104904175,"z":1.0012626647949219},"rotation":{"x":-0.05489124730229378,"y":-0.5797951221466065,"z":-0.039195574820041659,"w":0.811966061592102},"size":1.1476664543151856,"orthographic":true}