{"cameraMode":{"drawMode":0,"name":"Shaded","section":"Shading Mode"},"sceneLighting":false,"audioPlay":false,"sceneViewState":{"showFog":true,"showMaterialUpdate":true,"showSkybox":true,"showFlares":true,"showImageEffects":true,"showParticleSystems":true},"in2DMode":false,"pivot":{"x":0.000022617634385824203,"y":-0.00019958196207880974,"z":-0.001425689086318016},"rotation":{"x":0.12646184861660005,"y":-0.6177794337272644,"z":0.10153482854366303,"w":0.7694457173347473},"size":0.03968934342265129,"orthographic":false}