{"cameraMode":{"drawMode":0,"name":"Shaded","section":"Shading Mode"},"sceneLighting":false,"audioPlay":false,"sceneViewState":{"showFog":true,"showMaterialUpdate":true,"showSkybox":true,"showFlares":true,"showImageEffects":true,"showParticleSystems":true},"in2DMode":false,"pivot":{"x":0.0005476092919707298,"y":-0.000008757691830396652,"z":-0.00048620346933603287},"rotation":{"x":0.12646184861660005,"y":-0.6177794337272644,"z":0.10153482854366303,"w":0.7694457173347473},"size":0.039594415575265887,"orthographic":false}