{"cameraMode":{"drawMode":0,"name":"Shaded","section":"Shading Mode"},"sceneLighting":false,"audioPlay":false,"sceneViewState":{"showFog":true,"showMaterialUpdate":true,"showSkybox":true,"showFlares":true,"showImageEffects":true,"showParticleSystems":true},"in2DMode":false,"pivot":{"x":1.6052722930908204,"y":1.9500000476837159,"z":-1.7096853256225587},"rotation":{"x":0.15989680588245393,"y":0.7509778738021851,"z":-0.1969645619392395,"w":0.6096482276916504},"size":0.30221840739250185,"orthographic":true}