{"cameraMode":{"drawMode":0,"name":"Shaded","section":"Shading Mode"},"sceneLighting":false,"audioPlay":false,"sceneViewState":{"showFog":true,"showMaterialUpdate":true,"showSkybox":true,"showFlares":true,"showImageEffects":true,"showParticleSystems":true},"in2DMode":false,"pivot":{"x":-5.043275356292725,"y":1.922846794128418,"z":-7.935993194580078},"rotation":{"x":0.020801575854420663,"y":0.9791885614395142,"z":-0.14048661291599275,"w":0.14498655498027802},"size":30.640600204467775,"orthographic":false}