{"cameraMode":{"drawMode":0,"name":"Shaded","section":"Shading Mode"},"sceneLighting":false,"audioPlay":false,"sceneViewState":{"showFog":true,"showMaterialUpdate":true,"showSkybox":true,"showFlares":true,"showImageEffects":true,"showParticleSystems":true},"in2DMode":false,"pivot":{"x":3.328643798828125,"y":3.3528285026550295,"z":-3.7426013946533205},"rotation":{"x":0.02947576716542244,"y":0.7429194450378418,"z":-0.032783251255750659,"w":0.6679292321205139},"size":3.860631227493286,"orthographic":false}