{"cameraMode":{"drawMode":0,"name":"Shaded","section":"Shading Mode"},"sceneLighting":false,"audioPlay":false,"sceneViewState":{"showFog":true,"showMaterialUpdate":true,"showSkybox":true,"showFlares":true,"showImageEffects":true,"showParticleSystems":true},"in2DMode":false,"pivot":{"x":1.0592350959777833,"y":1.2206838130950928,"z":-9.909078598022461},"rotation":{"x":-0.0005137427360750735,"y":-0.9993201494216919,"z":-0.033591944724321368,"w":0.01528769638389349},"size":1.5733380317687989,"orthographic":false}