{"cameraMode":{"drawMode":0,"name":"Shaded","section":"Shading Mode"},"sceneLighting":true,"audioPlay":false,"sceneViewState":{"showFog":true,"showMaterialUpdate":true,"showSkybox":true,"showFlares":true,"showImageEffects":true,"showParticleSystems":true},"in2DMode":false,"pivot":{"x":3.3022732734680177,"y":-0.6112076044082642,"z":-1.2373113632202149},"rotation":{"x":0.14780505001544953,"y":0.04448971152305603,"z":-0.006655720993876457,"w":0.9879928827285767},"size":21.311403274536134,"orthographic":false}