{"cameraMode":{"drawMode":0,"name":"Shaded","section":"Shading Mode"},"sceneLighting":false,"audioPlay":false,"sceneViewState":{"showFog":true,"showMaterialUpdate":false,"showSkybox":false,"showFlares":true,"showImageEffects":true,"showParticleSystems":true},"in2DMode":false,"pivot":{"x":-0.6199235320091248,"y":-0.255729615688324,"z":1.4103654623031617},"rotation":{"x":0.07547616958618164,"y":0.095576710999012,"z":-0.0072680930607020859,"w":0.9925302863121033},"size":2.0385990142822267,"orthographic":true}