{"cameraMode":{"drawMode":0,"name":"Shaded","section":"Shading Mode"},"sceneLighting":false,"audioPlay":false,"sceneViewState":{"showFog":true,"showMaterialUpdate":false,"showSkybox":false,"showFlares":true,"showImageEffects":true,"showParticleSystems":true},"in2DMode":false,"pivot":{"x":0.7557109594345093,"y":3.1588003635406496,"z":2.830836296081543},"rotation":{"x":0.06920885294675827,"y":0.032017480581998828,"z":-0.0022224143613129856,"w":0.9970876574516296},"size":1.0788791179656983,"orthographic":true}