{"cameraMode":{"drawMode":0,"name":"Shaded","section":"Shading Mode"},"sceneLighting":false,"audioPlay":false,"sceneViewState":{"showFog":true,"showMaterialUpdate":false,"showSkybox":false,"showFlares":true,"showImageEffects":true,"showParticleSystems":true},"in2DMode":false,"pivot":{"x":0.3283863067626953,"y":0.9101530313491821,"z":-7.813258171081543},"rotation":{"x":0.02918446622788906,"y":0.9038289189338684,"z":-0.06246145814657211,"w":0.42230337858200076},"size":2.823301315307617,"orthographic":false}