{"cameraMode":{"drawMode":0,"name":"Shaded","section":"Shading Mode"},"sceneLighting":false,"audioPlay":false,"sceneViewState":{"showFog":true,"showMaterialUpdate":false,"showSkybox":false,"showFlares":true,"showImageEffects":true,"showParticleSystems":true},"in2DMode":false,"pivot":{"x":0.15882253646850587,"y":1.753836989402771,"z":-4.103359222412109},"rotation":{"x":0.39501771330833437,"y":-0.10437535494565964,"z":0.045228127390146258,"w":0.9116036295890808},"size":1.8571206331253052,"orthographic":true}